Mutation,Effect Score,VoC Variants,Validations,,
,,,Stability,Affinity,Immune Escape
T478K,1.9298 ,δ|ο,＋,＋＋,－
D614G,0.6786 ,α|β|γ|δ|ο,＋,－,－
S704L,0.5466 ,ο,＋＋,＋＋,＋
H655Y,0.2628 ,γ|ο,＋＋,＋＋,－
N501Y,0.2578 ,α|β|γ|ο,－,＋,－
V213-,0.2332 ,None,NA,NA,＋＋
S477N,0.1614 ,ο,＋,＋,－
P26-,0.1316 ,ο,NA,NA,－
Q498R,0.1263 ,ο,＋＋,＋＋,＋
S371F,0.1120 ,ο,＋,＋＋,＋
R408S,0.1114 ,ο,－,－,－
T95I,0.0899 ,ο,＋＋,－,＋
L24-,0.0795 ,ο,NA,NA,＋
E484K,0.0755 ,β|γ,＋,＋＋,＋
T376A,0.0736 ,ο,－,－,＋＋
V213G,0.0722 ,ο,－,＋,＋＋
P681H,0.0705 ,α|ο,NA,NA,＋＋
A222V,0.0661 ,δ,－,＋＋,＋
N764K,0.0656 ,ο,＋＋,＋＋,－
D405N,0.0602 ,ο,－,＋,＋
T19I,0.0564 ,ο,＋,－,－
G142D,0.0543 ,ο,－,－,＋＋
D796Y,0.0527 ,ο,＋,＋,＋＋
P25-,0.0517 ,ο,NA,NA,－
I68-,0.0506 ,None,NA,NA,＋＋
S373P,0.0491 ,ο,＋＋,－,－
N969K,0.0491 ,ο,＋＋,＋＋,－
V1264L,0.0455 ,None,NA,NA,－
Q954H,0.0452 ,ο,－,－,＋＋
K417N,0.0382 ,β|ο,＋＋,－,－
V1176F,0.0314 ,γ,NA,NA,－
N679K,0.0309 ,ο,NA,NA,－
S112L,0.0288 ,None,－,－,－
N440K,0.0287 ,ο,＋,＋＋,－
V289I,0.0286 ,None,＋,＋＋,－
S371L,0.0280 ,ο,－,＋＋,＋
P809S,0.0270 ,None,－,－,－
K77T,0.0267 ,None,－,－,－
Q677H,0.0242 ,None,NA,NA,＋＋
S375F,0.0241 ,ο,＋,－,＋＋
N211-,0.0240 ,ο,NA,NA,＋＋
E484A,0.0239 ,ο,－,－,－
G181V,0.0212 ,None,＋＋,－,＋
L981F,0.0139 ,ο,＋,＋,＋＋
V70I,0.0127 ,None,NA,＋,－
T20N,0.0126 ,γ,＋＋,＋＋,－
V143-,0.0126 ,None,NA,NA,－
Y505H,0.0114 ,ο,－,－,－
K417T,0.0113 ,γ,－,－,－
F157-,0.0107 ,δ,NA,NA,＋
D138Y,0.0101 ,γ,－,－,＋
S982A,0.0094 ,α,＋,＋,－
E156G,0.0088 ,None,＋＋,－,＋＋
N856K,0.0079 ,ο,＋,＋＋,－
G496S,0.0079 ,ο,－,－,＋
Q493R,0.0070 ,ο,－,＋,＋＋
D138H,0.0070 ,None,－,－,－
D1118H,0.0068 ,α,－,－,－
E156-,0.0066 ,δ,NA,NA,＋＋
V1104L,0.0063 ,None,＋＋,＋,－
A1078S,0.0061 ,None,－,＋,－
A27S,0.0058 ,ο,＋,－,＋
I850L,0.0047 ,None,＋＋,NA,－
N1074S,0.0040 ,None,－,－,＋＋
G1124V,0.0035 ,None,－,－,＋＋
T250I,0.0030 ,None,NA,－,－
P251L,0.0015 ,None,NA,－,＋＋
T19R,0.0008 ,δ,＋,＋＋,－
T547K,0.0008 ,ο,＋＋,＋＋,－
T719I,0.0007 ,None,＋＋,＋＋,－
L1265F,0.0006 ,None,NA,NA,＋
L212I,-0.0005 ,ο,－,＋,－
T29A,-0.0006 ,None,－,＋,＋
G339D,-0.0023 ,ο,＋＋,－,＋＋
R158G,-0.0024 ,δ,＋＋,－,＋＋
Y144-,-0.0038 ,α,NA,NA,－
T1027I,-0.0041 ,γ,＋＋,＋＋,＋
D950N,-0.0042 ,δ,＋,－,－
R346K,-0.0043 ,None,－,＋,－
T859I,-0.0051 ,None,＋＋,＋,－
V70-,-0.0052 ,α|ο,NA,NA,＋
L452R,-0.0054 ,δ,－,－,＋＋
A67V,-0.0056 ,ο,＋＋,＋,＋
A688V,-0.0063 ,None,NA,NA,＋＋
Q613H,-0.0070 ,None,＋＋,＋＋,＋＋
T716I,-0.0081 ,α,＋＋,＋＋,＋
Y145H,-0.0082 ,None,－,－,－
R190S,-0.0087 ,γ,－,－,－
G446S,-0.0087 ,ο,－,－,＋
Q173H,-0.0095 ,None,－,－,＋
K1191N,-0.0120 ,None,NA,NA,－
D80Y,-0.0122 ,None,＋＋,－,＋＋
Y145-,-0.0149 ,None,NA,NA,－
H69-,-0.0157 ,α|ο,NA,NA,－
P681R,-0.0173 ,δ,NA,NA,＋＋
A570D,-0.0187 ,α,＋,＋,－
T572I,-0.0193 ,None,＋＋,＋,＋
R158-,-0.0243 ,None,NA,NA,－
L18F,-0.0265 ,β|γ,－,－,＋＋
S98F,-0.0325 ,None,－,－,＋＋
P26S,-0.0337 ,γ,－,－,＋＋
Y144V,-0.0361 ,None,－,＋,－
L5F,-0.1210 ,None,NA,NA,－
W152C,-0.1489 ,None,＋＋,－,＋＋
A701V,-0.1624 ,β,＋＋,－,＋＋
D253G,-0.5367 ,None,NA,－,－
S13I,-0.7669 ,None,NA,NA,－
